{"0": 0.9892210328733766, "1": 0.9789671266233766, "2": 0.9583591213474026, "3": 0.9315911627435065, "4": 0.9138494318181818, "5": 0.8895545860389611, "6": 0.8606635551948052, "7": 0.7776874492694805, "8": 0.7113864650974026, "9": 0.6780311485389611, "10": 0.6406579748376623, "11": 0.611711140422078, "12": 0.5801516842532467, "13": 0.5521433644480519, "14": 0.5242872362012987, "15": 0.5016855215097402, "16": 0.47462713068181817, "17": 0.4530679281655844, "18": 0.4333426339285714, "19": 0.4198546570616883, "20": 0.40796469155844156, "21": 0.39847047483766235, "22": 0.3901582792207792, "23": 0.38253221387987013, "24": 0.3749708299512987, "25": 0.37156934862012986, "26": 0.3691456980519481, "27": 0.37043171672077924, "28": 0.3715135450487013}