{"0 1": 1.0545089919845778, "0 2": 1.1417914848823052, "0 3": 1.239842481737013, "0 4": 1.3440420175527596, "0 5": 1.4517451298701298, "0 6": 1.561356343851461, "0 7": 1.671925096387987, "1 1": 1.0491740437297077, "1 2": 1.1392644708806818, "1 3": 1.2389556488433442, "1 4": 1.3440778459821427, "1 5": 1.452299994926948, "1 6": 1.5622152749594156, "1 7": 1.6729958274147727, "2 1": 1.0338372564935066, "2 2": 1.126494330864448, "2 3": 1.2272505326704546, "2 4": 1.3326007000811688, "2 5": 1.4405546114042207, "2 6": 1.5499150263798702, "2 7": 1.6599631569602273, "3 1": 1.0150663301542209, "3 2": 1.111980963372565, "3 3": 1.2147505326704546, "3 4": 1.3208185369318182, "3 5": 1.428745497666396, "3 6": 1.5376607523336039, "3 7": 1.6470363864650974, "4 1": 0.9988014914772727, "4 2": 1.0958832183441558, "4 3": 1.1980941177962663, "4 4": 1.303221387987013, "4 5": 1.4099729859983767, "4 6": 1.517576856737013, "4 7": 1.625583400974026, "5 1": 0.9789030793425325, "5 2": 1.0778602501014611, "5 3": 1.1805220170454545, "5 4": 1.2852751496550325, "5 5": 1.3911624264407467, "5 6": 1.4975988610998376, "5 7": 1.6042987773944806, "6 1": 0.9458616578733766, "6 2": 1.0407505580357144, "6 3": 1.1394740513392858, "6 4": 1.2403776887175324, "6 5": 1.3424487621753247, "6 6": 1.4450981635551947, "6 7": 1.5480268998579545, "7 1": 0.8661063058035714, "7 2": 0.9594862900771104, "7 3": 1.053990906554383, "7 4": 1.1491179230925326, "7 5": 1.2445407619724025, "7 6": 1.3401104022930195, "7 7": 1.4357482117491882, "8 1": 0.7945179332386364, "8 2": 0.8813898259943181, "8 3": 0.9688188032670455, "8 4": 1.0565556513798702, "8 5": 1.144432325487013, "8 6": 1.2323790711241882, "8 7": 1.3203616451907467, "9 1": 0.7573505352069805, "9 2": 0.8402023513595779, "9 3": 0.9235709846793831, "9 4": 1.0072094409496752, "9 5": 1.0909832842938312, "9 6": 1.1748233943790585, "9 7": 1.258697747564935, "10 1": 0.715549221286526, "10 2": 0.7938077059659091, "10 3": 0.8725652521306818, "10 4": 0.9515789874188312, "10 5": 1.0307224025974027, "10 6": 1.1099285967938313, "10 7": 1.189166497564935, "11 1": 0.6834545581371754, "11 2": 0.7582941228693182, "11 3": 0.8335766284496753, "11 4": 0.9090880554991884, "11 5": 0.9847095043628247, "11 6": 1.060383586140422, "11 7": 1.1360877891639611, "12 1": 0.6484768161525974, "12 2": 0.7196710759943182, "12 3": 0.7912061815137987, "12 4": 0.8629204291801948, "12 5": 0.9347215528612013, "12 6": 1.0065651633522728, "12 7": 1.0784328708400974, "13 1": 0.6173660080154221, "13 2": 0.6852469308035715, "13 3": 0.7534132127637987, "13 4": 0.8217224913758117, "13 5": 0.8901024756493506, "13 6": 0.9585198736810064, "13 7": 1.0269588321834415, "14 1": 0.5864384638798701, "14 2": 0.6510409268465909, "14 3": 0.7158605798498376, "14 4": 0.780788669338474, "14 5": 0.8457757330560065, "14 6": 0.9107926009537337, "14 7": 0.9758265904017858, "15 1": 0.5612501268262987, "15 2": 0.6231261414366883, "15 3": 0.6851863712459415, "15 4": 0.7473426719764611, "15 5": 0.8095506544237013, "15 6": 0.8717855874594156, "15 7": 0.9340363737824675, "16 1": 0.5311345880681818, "16 2": 0.5897264356737013, "16 3": 0.6484803038758117, "16 4": 0.7073150238433441, "16 5": 0.7661950842126624, "16 6": 0.8250998757102272, "16 7": 0.8840183010349026, "17 1": 0.5070851511769481, "17 2": 0.5630922788149351, "17 3": 0.6192265498173701, "17 4": 0.6754270875608767, "17 5": 0.7316631366680195, "17 6": 0.7879182097199675, "17 7": 0.8441856483360389, "18 1": 0.48508332487824674, "18 2": 0.538692484273539, "18 3": 0.592408494825487, "18 4": 0.6461815772118507, "18 5": 0.6999866832386363, "18 6": 0.75380859375, "18 7": 0.8076400162337662, "19 1": 0.4699792639001623, "19 2": 0.5219301694399351, "19 3": 0.5739847554788962, "19 4": 0.6260894379058441, "19 5": 0.6782242415787337, "19 6": 0.7303742644074676, "19 7": 0.7825331650771103, "20 1": 0.45676047585227275, "20 2": 0.5072734882305194, "20 3": 0.5578752790178572, "20 4": 0.6085246296672078, "20 5": 0.6591993455762987, "20 6": 0.7098886465097403, "20 7": 0.7605855570211039, "21 1": 0.44619838169642856, "21 2": 0.49559088372564936, "21 3": 0.5450521890219155, "21 4": 0.594550591010552, "21 5": 0.6440676998782467, "21 6": 0.6935968572443182, "21 7": 0.7431317217938311, "22 1": 0.43696796367694807, "22 2": 0.4853547331574675, "22 3": 0.5338042816558441, "22 4": 0.5822849025974026, "22 5": 0.6307839133522727, "22 6": 0.6792940214082792, "22 7": 0.7278085683847403, "23 1": 0.4284113103693182, "23 2": 0.47586780894886366, "23 3": 0.5233794769683442, "23 4": 0.570919046773539, "23 5": 0.6184735186688312, "23 6": 0.6660359172077922, "23 7": 0.7136046570616883, "24 1": 0.41996499594155845, "24 2": 0.4664855164366883, "24 3": 0.5130624746347403, "24 4": 0.5596657492897728, "24 5": 0.6062836089691559, "24 6": 0.652909078226461, "24 7": 0.699539937601461, "25 1": 0.4161335734577922, "25 2": 0.4622346159699675, "25 3": 0.5083889255275974, "25 4": 0.5545682832792208, "25 5": 0.600761908989448, "25 6": 0.6469631442775974, "25 7": 0.6931694526176948, "26 1": 0.4134505631087662, "26 2": 0.45926275872564937, "26 3": 0.5051247336647727, "26 4": 0.5510108056006493, "26 5": 0.5969095601663961, "26 6": 0.642815924310065, "26 7": 0.6887260932426948, "27 1": 0.41484343293425324, "27 2": 0.46081321022727273, "27 3": 0.5068311815137987, "27 4": 0.552873249797078, "27 5": 0.5989276836444806, "27 6": 0.6449900441355519, "27 7": 0.6910558923498377, "28 1": 0.41606540432224026, "28 2": 0.4621750076095779, "28 3": 0.5083318536931818, "28 4": 0.5545108943790584, "28 5": 0.6007026176948052, "28 6": 0.6469009993912338, "28 7": 0.6931035029423701}