{"0": 1.0140181107954545, "1": 0.7287806919642857, "2": 0.514462002840909, "3": 0.6490285105519481}