{"0": 1.002946174918831, "1": 0.9916599025974026, "2": 0.9618024553571428, "3": 0.9305473823051948, "4": 0.9076057731331169, "5": 0.8720271915584416, "6": 0.8376217532467533, "7": 0.7804522625811688, "8": 0.5005174512987013, "9": 0.4586038961038961, "10": 0.4231838474025974, "11": 0.4089640827922078, "12": 0.3964526684253247, "13": 0.38646002435064936, "14": 0.37743760146103894, "15": 0.370504007711039, "16": 0.35753094561688314, "17": 0.35422331574675325, "18": 0.35155869521103894, "19": 0.3511655336850649, "20": 0.35100065949675324, "21": 0.35171215503246755, "22": 0.3527952516233766, "23": 0.35447950487012986, "24": 0.35382508116883116, "25": 0.3577833299512987, "26": 0.3627016538149351, "27": 0.3696580762987013, "28": 0.37683010349025975}