{"1": 0.7333759258319805, "2": 0.6185153713474026, "3": 0.5857304560673702, "4": 0.594771585836039, "5": 0.6248319551542207, "6": 0.6646849000608767, "7": 0.7088153789569805}