{"0 1": 0.7495802049512987, "0 2": 0.6286500608766233, "0 3": 0.5844853388798701, "0 4": 0.5779537844967533, "0 5": 0.5897651176948052, "0 6": 0.6078974736201299, "0 7": 0.6286817674512987, "1 1": 0.7477272727272727, "1 2": 0.6242973823051948, "1 3": 0.577142096185065, "1 4": 0.567286424512987, "1 5": 0.5749530742694805, "1 6": 0.5889610389610389, "1 7": 0.6050641741071429, "2 1": 0.7463778409090909, "2 2": 0.6157797280844156, "2 3": 0.5731356534090909, "2 4": 0.5637390929383117, "2 5": 0.5702046976461039, "2 6": 0.5823495840097402, "2 7": 0.5960721895292208, "3 1": 0.7329012784090909, "3 2": 0.6157581676136363, "3 3": 0.5718902191558441, "3 4": 0.5632355925324676, "3 5": 0.5685851258116883, "3 6": 0.5798587155032467, "3 7": 0.5923992999188312, "4 1": 0.7279157366071428, "4 2": 0.6054345068993506, "4 3": 0.5552315848214285, "4 4": 0.5526696935876624, "4 5": 0.5572113433441559, "4 6": 0.5682160612824675, "4 7": 0.5812056107954545, "5 1": 0.714744825487013, "5 2": 0.6011465097402597, "5 3": 0.5517958603896104, "5 4": 0.5424297382305194, "5 5": 0.5518060064935065, "5 6": 0.5619952313311688, "5 7": 0.5747767857142857, "6 1": 0.6899781858766234, "6 2": 0.5944741781655845, "6 3": 0.547654981737013, "6 4": 0.529001369724026, "6 5": 0.5240652901785714, "6 6": 0.542093648538961, "6 7": 0.5524908685064935, "7 1": 0.6661018668831169, "7 2": 0.5833844866071428, "7 3": 0.5351334212662338, "7 4": 0.5132711038961039, "7 5": 0.5064960430194805, "7 6": 0.505754109172078, "7 7": 0.5241413859577922, "8 1": 0.6300591010551948, "8 2": 0.5616680194805195, "8 3": 0.520704393262987, "8 4": 0.5043704342532468, "8 5": 0.4949104606331169, "8 6": 0.49479251217532466, "8 7": 0.4976740056818182, "9 1": 0.4840579342532468, "9 2": 0.5314820921266233, "9 3": 0.5074611911525974, "9 4": 0.49264153814935063, "9 5": 0.4875114143668831, "9 6": 0.48703581574675325, "9 7": 0.4903104707792208, "10 1": 0.4590515929383117, "10 2": 0.44954469358766236, "10 3": 0.47996398133116885, "10 4": 0.478907518262987, "10 5": 0.4782848011363636, "10 6": 0.48082766842532465, "10 7": 0.48387276785714284, "11 1": 0.4357320413961039, "11 2": 0.4314643364448052, "11 3": 0.4247793222402597, "11 4": 0.456346387987013, "11 5": 0.46588245738636364, "11 6": 0.4721172382305195, "11 7": 0.47849913758116885, "12 1": 0.4240234375, "12 2": 0.41702643060064937, "12 3": 0.4111480316558442, "12 4": 0.41044668222402597, "12 5": 0.4455268364448052, "12 6": 0.46060775162337664, "12 7": 0.4700892857142857, "13 1": 0.4122450791396104, "13 2": 0.4070908583603896, "13 3": 0.4007038859577922, "13 4": 0.3998440036525974, "13 5": 0.4046545251623377, "13 6": 0.44064782873376623, "13 7": 0.4586216517857143, "14 1": 0.400782518262987, "14 2": 0.39826755275974024, "14 3": 0.3935699066558442, "14 4": 0.39098391842532465, "14 5": 0.3954532771915584, "14 6": 0.4018402495941558, "14 7": 0.4391360592532468, "15 1": 0.3913669338474026, "15 2": 0.3904791497564935, "15 3": 0.38634968547077925, "15 4": 0.3850877637987013, "15 5": 0.3879616477272727, "15 6": 0.3938958502435065, "15 7": 0.40087636972402596, "16 1": 0.38350877637987013, "16 2": 0.3836178469967532, "16 3": 0.3811865868506494, "16 4": 0.37914595170454546, "16 5": 0.38268313717532465, "16 6": 0.38691152597402595, "16 7": 0.3934671773538961, "17 1": 0.37635070008116883, "17 2": 0.3782632406655844, "17 3": 0.3772663859577922, "17 4": 0.37451806006493504, "17 5": 0.3775479403409091, "17 6": 0.3822455864448052, "17 7": 0.3868633319805195, "18 1": 0.3604568283279221, "18 2": 0.3732992593344156, "18 3": 0.3742086038961039, "18 4": 0.3716035917207792, "18 5": 0.3737609070616883, "18 6": 0.3778726156655844, "18 7": 0.38263874797077924, "19 1": 0.35697037337662335, "19 2": 0.36894150771103895, "19 3": 0.3718268060064935, "19 4": 0.3709466314935065, "19 5": 0.37130428165584417, "19 6": 0.37467405641233764, "19 7": 0.3789747362012987, "20 1": 0.3545276988636364, "20 2": 0.35627536525974024, "20 3": 0.37010450487012986, "20 4": 0.3711089691558442, "20 5": 0.370902242288961, "20 6": 0.37266259131493507, "20 7": 0.3764394784902597, "21 1": 0.35488661728896104, "21 2": 0.35428292410714285, "21 3": 0.368359375, "21 4": 0.37189782873376626, "21 5": 0.37255478896103894, "21 6": 0.37235947646103895, "21 7": 0.3748528814935065, "22 1": 0.3572861708603896, "22 2": 0.35517578125, "22 3": 0.35884359780844155, "22 4": 0.3724419135551948, "22 5": 0.3749606838474026, "22 6": 0.3741337763798701, "22 7": 0.37483766233766236, "23 1": 0.36046570616883117, "23 2": 0.35885881696428573, "23 3": 0.3596375304383117, "23 4": 0.37253449675324674, "23 5": 0.37744774756493504, "23 6": 0.3775479403409091, "23 7": 0.3765536221590909, "24 1": 0.3649781858766234, "24 2": 0.36408406047077924, "24 3": 0.36276887175324674, "24 4": 0.365037794237013, "24 5": 0.3790330762987013, "24 6": 0.38119546469155846, "24 7": 0.3798219358766234, "25 1": 0.3697164163961039, "25 2": 0.37099102069805195, "25 3": 0.36816659902597404, "25 4": 0.3672382305194805, "25 5": 0.3796291599025974, "25 6": 0.3845005580357143, "25 7": 0.38430144074675326, "26 1": 0.3749606838474026, "26 2": 0.3785828429383117, "26 3": 0.3751953125, "26 4": 0.3716796875, "26 5": 0.37299487621753247, "26 6": 0.38652597402597405, "26 7": 0.38876445819805194, "27 1": 0.37794744318181817, "27 2": 0.3866274350649351, "27 3": 0.38338321834415584, "27 4": 0.37863610998376623, "27 5": 0.37579266436688313, "27 6": 0.3874124898538961, "27 7": 0.3925083705357143, "28 1": 0.3841708096590909, "28 2": 0.39425096387987013, "28 3": 0.3923434963474026, "28 4": 0.3864929991883117, "28 5": 0.3808302049512987, "28 6": 0.3811219054383117, "28 7": 0.39472402597402595}